file_name,verified_transcript
DISP-2026-00753D.wav,coquitlam ladder 1 respond emergency medical aid - breathing problems 3367 carmelo avenue use talk group combined response coquitlam map grid 110
DISP-2026-009F8E.wav,coquitlam engine 1 respond emergency rubbish fire christmas way and westwood street near christmas way and westwood street use talk group 5 coquitlam map grid 68
DISP-2026-00D76E.wav,coquitlam ladder 1 respond emergency medical aid - fall 1386 coast meridian road near millard avenue and queenston avenue use talk group 10 combined response coquitlam map grid 109
DISP-2026-014B79.wav,coquitlam engine 1 rescue 2 respond emergency motor vehicle incident david avenue and pinetree way near david avenue and pinetree way use talk group 10 combined response coquitlam map grid 87
DISP-2026-01DCBC.wav,coquitlam medic 1 respond routine lift assist 1142 dufferin street number 128 parkwood manor use talk group 10 combined response coquitlam map grid 81
DISP-2026-044D8A.wav,coquitlam engine 1 respond emergency medical aid 2739 barnet highway value village barnet near turning lane and access road use talk group 10 combined response coquitlam map grid 69
DISP-2026-053067.wav,coquitlam engine 1 respond emergency medical aid chest pain 3128 ladder drive near pipeline road and tori avenue use talk group 10 combined response coquitlam map grid 97
DISP-2026-057F7B.wav,coquitlam medic 1 respond emergency medical aid - allergic reaction 3030 gordon avenue rain city housing near christmas way and westwood street use talk group 10 combined response coquitlam map grid 68
DISP-2026-05EF89.wav,coquitlam engine 1 respond emergency medical aid - chest pain 2990 princess crescent number 105 use talk group 10 combined response coquitlam map grid 85
DISP-2026-070BC2.wav,coquitlam engine 1 respond emergency medical aid - fall 2615 harrier drive near kestrel court and condor crescent use talk group 10 combined response coquitlam map grid 70
DISP-2026-076799.wav,coquitlam ladder 1 rescue 2 respond emergency alarm activated 1121 king albert avenue como lake middle near marmont street and gatensbury street use talk group 6 coquitlam map grid 18
DISP-2026-0790E8.wav,coquitlam engine 1 respond emergency alarm activated 3000 riverband drive number 308 use talk group 5 coquitlam map grid 61
DISP-2026-07D512.wav,coquitlam ladder 1 respond routine rescue 2968 glen drive near pacific street and the high street use talk group 6 coquitlam map grid 82
DISP-2026-08AF4C.wav,coquitlam engine 1 engine 4 rescue 2 respond emergency alarm activated - high risk 1131 dufferin street dufferin care centre use talk group 5 coquitlam map grid 81
DISP-2026-08E5F7.wav,coquitlam ladder 1 respond emergency medical aid - fall 2929 barnet highway coquitlam center mall near mall access and turning lane use talk group 10 combined response coquitlam map grid 82
DISP-2026-08FBA9.wav,coquitlam engine 1 respond emergency medical aid - airway obstruction 1262 river drive near flynn crescent and brian drive use talk group 10 combined response coquitlam map grid 101
DISP-2026-090E14.wav,coquitlam medic 1 respond emergency medical aid collapse 3025 lougheed highway near turning lane use talk group 10 combined response coquitlam map grid 82
DISP-2026-0946AF.wav,coquitlam engine 1 respond emergency medical aid - seizure 1159 eagleridge drive near guildford way and sparrow crt use talk group 10 combined response coquitlam map grid 70
DISP-2026-0C0358.wav,coquitlam engine 2 rescue 2 ladder 1 car 7 respond emergency structure fire - detached structure 2736 atlin place number 38 use talk group 6 coquitlam map grid 54
DISP-2026-0D5F70.wav,coquitlam engine 1 engine 4 rescue 2 respond emergency alarm activated - high risk 2968 burlington drive near pacific st and the high st use talk group 5 coquitlam map grid 83
DISP-2026-0E2AFF.wav,coquitlam engine 1 engine 2 rescue 2 quint 5 respond emergency report of smoke 2922 glen drive near johnson street and pacific street use talk group 5 coquitlam map grid 82
DISP-2026-0F9A49.wav,coquitlam engine 1 respond routine assist 1300 pinetree way near david ave avenue and pinewood ave map grid 86
DISP-2026-10340E.wav,coquitlam medic 1 respond emergency medical aid - breathing problem 1199 eastwood street number 1405 the selkirk near primrose lane and guildford way use talk group 10 combined response coquitlam map grid 84
DISP-2026-10AC18.wav,coquitlam quint 5 engine 3 ladder 1 respond emergency alarm activated - high risk 657 whiting way lougheed heights tower 1 near foster avenue and shepard ave use talk group 5 coquitlam map grid 5
DISP-2026-10C790.wav,coquitlam engine 1 respond emergency medical aid - airway obstruction 1619 pinetree way near bobcat place and tanager crt use talk group 10 combined response coquitlam map grid 94
DISP-2026-1148FC.wav,coquitlam engine 1 respond emergency medical aid - cardiac problem 1173 the high street near atlantic avenue and glen drive use talk group 10 combined response coquitlam map grid 82
DISP-2026-124267.wav,coquitlam engine 1 respond routine rescue 2860 glen drive near mccoomb drive and johnson street use talk group 5 coquitlam map grid 81
DISP-2026-156DCF.wav,coquitlam medic 1 respond emergency medical aid - fall 3007 anson avenue near pinetree way and ponderosa street use talk group 10 combined response coquitlam map grid 82
DISP-2026-166E23.wav,coquitlam medic 1 respond emergency medical aid - collapse 3001 gordon avenue number 208 near christmas way and westwood street use talk group 10 combined response coquitlam map grid 68
DISP-2026-16D5FA.wav,coquitlam engine 1 engine 2 rescue 2 respond emergency alarm activated - high risk 3080 lincoln avenue near westwood street and pipeline road use talk group 5 coquitlam map grid 82
DISP-2026-171ED7.wav,coquitlam engine 1 respond routine report of smoke 3173 sechelt drive use talk group 5 coquitlam map grid 98
DISP-2026-175FCD.wav,coquitlam medic 1 respond emergency medical aid 3025 lougheed highway number 390 near turning lane use talk group 10 combined response coquitlam map grid 82
DISP-2026-179395.wav,coquitlam medic 1 respond emergency medical aid - chest pain 1196 pipeline road number 1404 near glen drive and guildford way use talk group 10 combined response coquitlam map grid 84
DISP-2026-182D9A.wav,coquitlam medic 1 respond routine lift assist 2963 burlington drive number 401 near pacific street and the high street use talk group 10 combined response coquitlam map grid 83
DISP-2026-186331.wav,coquitlam engine 1 respond emergency medical aid - maternity 3025 lougheed highway near turning lane use talk group 10 combined response coquitlam map grid 82
DISP-2026-1A049A.wav,coquitlam engine 1 respond emergency medical aid - collapse 2003 gable drive near oxbow way and river dr use talk group 10 combined response coquitlam map grid 101
DISP-2026-1AC1A1.wav,coquitlam ladder 1 respond emergency medical aid - stroke 3105 dayanee springs boulevard number 121 near genest way and pipeline road use talk group 10 combined response coquitlam map grid 88
DISP-2026-1B5F35.wav,coquitlam medic 1 respond routine lift assist 1160 johnson street number 311 near glen drive and atlantic avenue use talk group 10 combined response coquitlam map grid 81
DISP-2026-1CEEA2.wav,coquitlam engine 2 engine 1 respond emergency motor vehicle incident - high velocity impact 39 united boulevard near united boulevard off-ramp and turning lane use talk group 10 combined response coquitlam map grid 50
DISP-2026-1D6C07.wav,coquitlam engine 1 respond emergency medical aid - collapse 2725 barnet highway mcdonalds near turning lane and access road use talk group combined response coquitlam map grid 69
DISP-2026-1D8368.wav,coquitlam medic 1 respond emergency medical aid - chest pain 1180 pinetree way number p h 3 near glen drive and atlantic avenue use talk group 10 combined response coquitlam map grid 82
DISP-2026-1DB14F.wav,coquitlam medic 1 respond emergency medical aid - assault 3030 gordon avenue rain city housing near christmas way and westwood street use talk group 10 combined response coquitlam map grid 68
DISP-2026-1EBEA3.wav,coquitlam engine 1 respond emergency medical aid breathing problems 3105 dayanee springs boulevard number 142 near genest way and pipeline road use talk group combined response coquitlam map grid 88
DISP-2026-1EC8D5.wav,coquitlam engine 1 respond emergency medical aid - fall 1330 genest way number 415 near dayanee springs boulevard and turning lane use talk group 10 combined response coquitlam map grid 88
DISP-2026-202275.wav,coquitlam ladder 1 respond routine burning complaint 3076 yellowcedar place use talk group 6 coquitlam map grid 90
DISP-2026-237697.wav,coquitlam engine 1 rescue 2 respond emergency motor vehicle incident 1301 brewster drive use talk group 10 combined response coquitlam map grid 79
DISP-2026-23AC36.wav,coquitlam medic 1 respond emergency medical aid - fall 3000 lougheed highway superstore town centre near turning lane and westwood street use talk group 10 combined response coquitlam map grid 68
DISP-2026-23BC8B.wav,coquitlam engine 1 respond emergency medical aid - stroke 3149 bute crescent near inlet street and tahsis avenue use talk group 10 combined response coquitlam map grid 98
DISP-2026-243D6F.wav,coquitlam medic 1 respond emergency medical aid - overdose 3030 gordon avenue rain city housing near christmas way and westwood street use talk group 10 combined response coquitlam map grid 68
DISP-2026-253E57.wav,coquitlam engine 1 ladder 1 respond emergency tent fire - high risk 3059 gordon avenue near christmas way and westwood street use talk group 5 coquitlam map grid 68
DISP-2026-26163A.wav,coquitlam engine 1 respond emergency medical aid - fall 3322 grosvenor pl use talk group 10 combined response coquitlam map grid 109
DISP-2026-264786.wav,coquitlam ladder 1 respond routine rescue 3007 glen drive near glen pine crt and pinetree way use talk group 5 coquitlam map grid 83
DISP-2026-2659EC.wav,coquitlam medic 1 respond emergency medical aid - overdose 3030 gordon avenue rain city housing near christmas way and westwood street use talk group 10 combined response coquitlam map grid 68
DISP-2026-274FFC.wav,coquitlam medic 1 respond emergency medical aid - cardiac arrest 1190 pacific street number 214 near glen drive and burlington drive use talk group 10 combined response coquitlam map grid 83
DISP-2026-28E941.wav,coquitlam engine 1 respond emergency medical aid - diabetic 3172 toba drive near inlet street and esperanza drive use talk group 10 combined response coquitlam map grid 98
DISP-2026-297600.wav,coquitlam engine 3 engine 1 respond emergency motor vehicle incident united boulevard near lougheed highway on-ramp and turning lane use talk group 10 combined response coquitlam map grid 49
DISP-2026-298EC2.wav,coquitlam engine 1 respond routine report of smoke dunkirk avenue & gabriola drive near dunkirk avenue and gabriela drive use talk group 5 coquitlam map grid 100
DISP-2026-29ADF9.wav,coquitlam engine 1 respond routine assist 3700 hastings street maple creek middle near mccray crescent and maple creek middle school access use talk group 10 combined response coquitlam map grid 98
DISP-2026-29C4EB.wav,coquitlam ladder 1 respond emergency medical aid - breathing problem 1187 pipeline road number 108 near glen drive and guildford way use talk group 10 combined response coquitlam map grid 98
DISP-2026-2B42E2.wav,coquitlam ladder 1 respond emergency medical aid - hemorrhage 1215 lansdowne drive number 504 near guildford way and scott creek middle school access use use talk group 10 combined response coquitlam map grid 80
DISP-2026-2C960A.wav,coquitlam engine 1 respond routine medical aid - fall 2832 windflower place use talk group 10 combined response coquitlam map grid 77
DISP-2026-2CD999.wav,coquitlam medic 1 respond emergency medical aid chest pain 1199 eastwood street number 1002 the selkirk near primrose lane and guildford way use talk group 10 combined response coquitlam map grid 84
DISP-2026-2D461F.wav,coquitlam medic 1 respond emergency medical aid - cardiac problem 2929 barnet highway number 2740 coquitlam center mall near mall access and turning lane use talk group 10 combined response coquitlam map grid 82
DISP-2026-32C106.wav,coquitlam engine 1 respond emergency medical aid - headache 1422 hockaday street near sultan place and thor crt use talk group 10 combined response coquitlam map grid 103
DISP-2026-33B41B.wav,coquitlam medic 1 respond emergency medical aid - fall 3065 primrose lane number 204 near westwood street and eastwood street use talk group 10 combined response coquitlam map grid 84
DISP-2026-343BA8.wav,coquitlam engine 1 respond routine lift assist 3098 guildford way number 201 near eastwood street and pipeline road use talk group 10 combined response coquitlam map grid 84
DISP-2026-3468AC.wav,coquitlam medic 1 respond emergency medical aid - collapse gordon avenue and christmas way near gordon avenue and christmas way use talk group 10 combined response coquitlam map grid 68
DISP-2026-352F50.wav,coquitlam engine 1 respond emergency medical aid - breathing problem 1415 parkway boulevard number 903 near private driveway and summit middle school access use talk group 10 combined response coquitlam map grid 78
DISP-2026-353109.wav,coquitlam engine 1 respond 1690 1690 sugarpine court near mulberry place and arbutus place use talk group 10 combined response coquitlam map grid 91
DISP-2026-38B378.wav,coquitlam engine 1 respond emergency medical aid - fall 1312 camellia crt number basement use talk group 10 combined response coquitlam map grid 72
DISP-2026-3998C0.wav,coquitlam ladder 1 respond emergency medical aid - diabetic 1320 pinetree way number 135 near david avenue and pinewood avenue use talk group 10 combined response coquitlam map grid 87
DISP-2026-3E460F.wav,coquitlam medic 1 respond emergency medical aid headache 2929 barnett highway coquitlam center mall near mall access and turning lane use talk group 10 combined response coquitlam map grid 82
DISP-2026-3F5469.wav,coquitlam engine 1 ladder 1 respond emergency alarm activated 3280 plateau boulevard number 312 near camelback court and chartwell road use talk group 5 coquitlam map grid 92
DISP-2026-3F7304.wav,coquitlam medic 1 respond emergency medical aid - breathing problem 1178 heffley cres number 901 near westwood street and obelisk way use talk group 10 combined response coquitlam map grid 82
DISP-2026-3FB03B.wav,coquitlam ladder 1 respond emergency medical aid - breathing problem 1693 plateau crescent use talk group 10 combined response coquitlam map grid 90
DISP-2026-40251D.wav,coquitlam medic 1 respond emergency medical aid - collapse 3000 lougheed highway superstore town center near turning lane and westwood street use talk group 10 combined response coquitlam map grid 68
DISP-2026-403534.wav,coquitlam engine 1 respond emergency medical aid - overdose 2120 braeside place use talk group 10 combined response coquitlam map grid 92
DISP-2026-40473E.wav,coquitlam medic 1 respond emergency medical aid - collapse 3030 gordon avenue rain city housing near christmas way and westwood street use talk group 10 combined response coquitlam map grid 68
DISP-2026-431C31.wav,coquitlam engine 1 respond emergency medical aid 1585 salal crescent near sedge court and sundew place use talk group 10 combined response coquitlam map grid 77
DISP-2026-4341EF.wav,coquitlam medic 1 respond emergency medical aid - seizure 3030 gordon avenue rain city housing near christmas way use talk group 10 combined response coquitlam map grid 68
DISP-2026-448E74.wav,coquitlam engine 1 rescue 2 respond emergency motor vehicle incident genest way & david avenue near genest way and david avenue use talk group 10 combined response coquitlam map grid 88
DISP-2026-45B563.wav,coquitlam engine 2 ladder 1 respond emergency alarm activated 2986 guildford way rcmp station near town centre boulevard and pinetree way use talk group 5 coquitlam map grid 83
DISP-2026-467E7C.wav,coquitlam engine 3 engine 2 engine 1 rescue 2 ladder 1 car 6 respond emergency report of smoke - high risk 1054 dansey avenue near nelson street and marmont street use talk group 6 coquitlam map grid 17
DISP-2026-47A8C5.wav,coquitlam engine 1 engine 2 rescue 2 respond emergency alarm activated - high risk 3065 primrose lane near westwood street and eastwood street use talk group 5 coquitlam map grid 84
DISP-2026-47ACF6.wav,coquitlam engine 1 respond emergency medical aid - fall 2579 trillium place near honeysuckle lane and bluebell ave use talk group 10 combined response coquitlam map grid 72
DISP-2026-47DC88.wav,coquitlam medic 1 respond emergency medical aid - chest pain 2860 packard avenue number 326 near dufferin street and johnson street use talk group 10 combined response coquitlam map grid 81
DISP-2026-48B6F7.wav,coquitlam medic 1 respond emergency medical aid - diabetic 1140 pinetree way skytrain lincoln station evergreen line near northern avenue and lincoln avenue use talk group 10 combined response coquitlam map grid 82
DISP-2026-48D4FE.wav,coquitlam engine 1 respond emergency medical aid - cardiac arrest 3100 ozada avenue number 611 near pipeline road and inlet street use talk group 10 combined response coquitlam map grid 98
DISP-2026-48DA6F.wav,coquitlam engine 1 respond emergency medical aid 3030 gordon avenue rain city housing near christmas way and westwood street use talk group 10 combined response coquitlam map grid 68
DISP-2026-49462F.wav,coquitlam engine 3 engine 1 respond emergency alarm activated 955 austin avenue number 101 near lebleu st and blue mountain street use talk group 7 coquitlam map grid 18
DISP-2026-4B3AF4.wav,coquitlam medic 1 respond emergency medical aid - overdose 2798 barnet highway near aberdeen ave and turning lane use talk group 10 combined response coquitlam map grid 81
DISP-2026-4B6891.wav,coquitlam engine 1 respond emergency medical aid - headache 2860 walton avenue near erskine street and hayward lane use talk group 10 combined response coquitlam map grid 80
DISP-2026-4BB67F.wav,coquitlam engine 1 respond emergency medical aid - chest pain 3156 dayanee springs boulevard number 215 near genest way and pipeline road use talk group 10 combined response coquitlam map grid 88
DISP-2026-4C4BAF.wav,coquitlam medic 1 respond emergency medical aid - collapse 3025 lougheed highway number 650 tim hortons lougheed near turning lane use talk group 10 combined response coquitlam map grid 82
DISP-2026-4C8501.wav,coquitlam engine 1 respond emergency medical aid - breathing problem 1290 pipeline road cunning sports field near redonda drive and town center park access road use talk group 10 combined response coquitlam map grid 97
DISP-2026-4C9D76.wav,coquitlam ladder 1 respond routine odor - unknown source 999 ogden street use talk group 7 coquitlam map grid 62
DISP-2026-4CD514.wav,coquitlam engine 1 respond emergency medical aid - breathing problem 3168 bute crescent number basement near inlet street and tahsis ave use talk group 10 combined response coquitlam map grid 98
DISP-2026-4D4EF6.wav,coquitlam ladder 1 respond emergency medical aid - overdose 3030 gordon avenue rain city housing near christmas way and westwood street map grid 68
DISP-2026-4E1A65.wav,coquitlam engine 1 respond routine lift assist 3264 mayne crescent near hornby street and samuels crt use talk group 10 combined response coquitlam map grid 100
DISP-2026-4EDD24.wav,coquitlam engine 1 respond emergency medical aid - collapse 1240 lansdowne drive scott creek middle school near charter hill drive and steeple drive use talk group 10 combined response coquitlam map grid 71
DISP-2026-4F2CA4.wav,coquitlam engine 1 respond emergency medical aid - stroke 3060 sandpiper crt use talk group 10 combined response coquitlam map grid 94
DISP-2026-4F427E.wav,coquitlam medic one respond emergency medical aid cardiac arrest 3000 lougheed highway superstore town centre near turning lane and westwood street use talk group 10 combined response coquitlam map grid 68
DISP-2026-4F5455.wav,coquitlam medic 1 respond emergency medical aid overdose 3030 gordon avenue rain city housing near christmas way and westwood street use talk group 10 combined response coquitlam map grid 68
DISP-2026-5009A2.wav,coquitlam engine 1 respond emergency medical aid - overdose 3030 gordon avenue rain city housing near christmas way and westwood street use talk group 10 combined response coquitlam map grid 68
DISP-2026-50588B.wav,coquitlam medic 1 respond emergency medical aid - chest pain 1142 dufferin street number 184 parkwood manner use talk group 10 combined response coquitlam map grid 81
DISP-2026-5063D1.wav,coquitlam engine 1 ladder 1 respond emergency alarm activated 1170 lansdowne drive number 13 near mccoomb drive and heath crescent use talk group 5 coquitlam map grid 70
DISP-2026-50B651.wav,coquitlam engine 1 rescue 2 respond emergency motor vehicle incident 2929 barnet highway coquitlam center mall near mall access and turning lane use talk group 10 combined response coquitlam map grid 82
DISP-2026-514041.wav,coquitlam engine 1 respond routine alarm activated 2915 norman avenue number 110 use talk group 6 coquitlam map grid 66
DISP-2026-519BC3.wav,coquitlam engine 1 respond emergency medical aid - chest pain 3156 dayanee springs boulevard number 2001 near genest way and pipeline road use talk group 10 combined response coquitlam map grid 88
DISP-2026-51EBD6.wav,coquitlam ladder 1 respond routine lift assist 2664 eagleridge drive near stellar court and creekside drive use talk group 10 combined response coquitlam map grid 69
DISP-2026-529BDF.wav,coquitlam engine 1 respond emergency medical aid - general illness 2970 forestridge place number basement use talk group 10 combined response coquitlam map grid 77
DISP-2026-5355E4.wav,coquitlam medic 1 respond emergency medical aid - headache 2930 barnet highway skytrain coquitlam central station evergreen line near turning lane use talk group 10 combined response coquitlam map grid 82
DISP-2026-540DCC.wav,coquitlam ladder 1 respond emergency assist 3065 primrose lane number 112 near westwood street and eastwood street use talk group 10 combined response coquitlam map grid 84
DISP-2026-546B9E.wav,coquitlam engine 1 respond emergency medical aid - collapse lougheed highway and lougheed highway on-ramp near lougheed highway and lougheed highway on-ramp use talk group 10 combined response coquitlam map grid 49
DISP-2026-547885.wav,coquitlam engine 1 ladder 1 respond emergency tent fire - high risk 3030 gordon avenue rain city housing near christmas way and westwood street use talk group 6 coquitlam map grid 68
DISP-2026-55D2DB.wav,coquitlam quint 5 engine 1 rescue 2 respond emergency alarm activated - high risk 707 como lake avenue near dogwood street and robinson street use talk group 5 coquitlam map grid 6
DISP-2026-5610C6.wav,coquitlam ladder 1 respond emergency medical aid - fall 1188 condor crescent near harrier drive use talk group 10 combined response coquitlam map grid 70
DISP-2026-56D9D1.wav,coquitlam engine 1 respond emergency medical aid - cardiac arrest 1705 parkway boulevard number 17 near access road and eagle mountain access use talk group 10 combined response coquitlam map grid 91
DISP-2026-584F31.wav,coquitlam engine 1 respond emergency medical aid - cardiac arrest 3078 tanager crt use talk group 10 combined response coquitlam map grid 94
DISP-2026-585DF6.wav,coquitlam engine 4 engine 1 respond emergency alarm activated 3472 gislason avenue near soball street and mitchell street use talk group 5 coquitlam map grid 111
DISP-2026-589B10.wav,coquitlam rescue 2 respond emergency medical aid - overdose 3030 gordon avenue rain city housing near christmas way and westwood street use talk group 10 combined response coquitlam map grid 68
DISP-2026-59B989.wav,coquitlam medic 1 respond emergency medical aid - abdominal pain 1190 pipeline road number 405 near glen drive and guildford way use talk group 10 combined response coquitlam map grid 84
DISP-2026-59E3FD.wav,coquitlam ladder 1 respond emergency medical aid - breathing problem 3070 timber crt use talk group 10 combined response coquitlam map grid 90
DISP-2026-5ADD73.wav,coquitlam engine 1 respond routine medical aid - overdose silver springs boulevard and david avenue near silver springs boulevard and david avenue use talk group 10 combined response coquitlam map grid 87
DISP-2026-5B5A60.wav,coquitlam engine 1 respond routine rescue 1185 the high street near glen drive and burlington drive use talk group 5 coquitlam map grid 83
DISP-2026-5BECEE.wav,coquitlam engine 1 respond emergency medical aid 1457 hockaday street number basement near wingrove terrace and turner ave use talk group 10 combined response coquitlam map grid 103
DISP-2026-5CAF04.wav,coquitlam engine 1 respond routine electrical problem 2980 pinetree close near pinetree way use talk group 6 coquitlam map grid 94
DISP-2026-5DBAF8.wav,coquitlam engine 1 respond emergency medical aid 1200 pacific street number 107 near burlington drive and guildford way use talk group 10 combined response coquitlam map grid 83
DISP-2026-5EB53D.wav,coquitlam engine 1 respond emergency rubbish fire westwood street and gordon avenue near westwood street and gordon avenue use talk group 5 coquitlam map grid 68
DISP-2026-5EBF99.wav,coquitlam medic 1 respond emergency medical aid - fall 2991 lougheed highway near turning lane use talk group 10 combined response coquitlam map grid 82
DISP-2026-5EC6F0.wav,coquitlam ladder 1 respond routine wildland fire smoldering westwood street and lincoln avenue near westwood street and lincoln avenue use talk group 5 coquitlam map grid 82
DISP-2026-60DED4.wav,coquitlam medic 1 respond emergency medical aid - breathing problem 2860 packard avenue number 107 near dufferin street and johnson street use talk group 10 combined response coquitlam map grid 81
DISP-2026-6172F8.wav,coquitlam engine 2 engine 1 rescue 2 respond emergency alarm activated - high risk 2601 lougheed highway number 37 station 37 near turning lane and thyme drive use talk group 5 coquitlam map grid 55
DISP-2026-61A956.wav,coquitlam engine 1 engine 3 rescue 2 respond emergency alarm activated - high risk 2601 lougheed highway number 29 near turning lane and thyme drive use talk group 5 coquitlam map grid 55
DISP-2026-61F7A8.wav,coquitlam engine 1 engine 2 rescue 2 respond emergency alarm activated - high risk 3100 ozada avenue near pipeline road and inlet street use talk group 5 coquitlam map grid 98
DISP-2026-62E067.wav,coquitlam medic 1 respond emergency medical aid - overdose 3030 gordon avenue rain city housing near christmas way and westwood street use talk group 10 combined response coquitlam map grid 68
DISP-2026-63333B.wav,coquitlam squad 3 respond emergency medical aid chest pain 1196 pipeline road number 1404 near glen drive and guildford way use talk group 10 combined response coquitlam map grid 84
DISP-2026-63CF39.wav,coquitlam medic 1 respond emergency medical aid - overdose 1320 pinetree way number 116 near david avenue and pinewood avenue use talk group 10 combined response coquitlam map grid 87
DISP-2026-6547A7.wav,coquitlam engine 1 respond routine assist 3025 lougheed highway near turning lane use talk group 10 combined response coquitlam map grid 82
DISP-2026-65CE0F.wav,coquitlam ladder 1 respond emergency medical aid - collapse 2991 lougheed highway near turning lane use talk group 10 combined response coquitlam map grid 82
DISP-2026-66CAF4.wav,coquitlam engine 1 respond emergency medical aid - traumatic injuries 2915 lougheed highway use talk group combined response coquitlam map grid 66
DISP-2026-66E4A8.wav,coquitlam engine 1 respond emergency medical aid - breathing problem 2990 princess crescent number 101 use talk group 10 combined response coquitlam map grid 85
DISP-2026-672666.wav,coquitlam engine 3 respond routine rescue 3007 glen drive near glenpine crt and pinetree way use talk group 5 coquitlam map grid 83
DISP-2026-691EB5.wav,coquitlam engine 1 respond routine rescue 2968 glen drive near pacific street and the high street use talk group 10 combined response coquitlam map grid 82
DISP-2026-6A0560.wav,coquitlam engine 1 respond emergency medical aid - fall 1170 falcon drive number 6 near harrier drive use talk group 10 combined response coquitlam map grid 70
DISP-2026-6A2001.wav,coquitlam engine 1 rescue 2 respond emergency motor vehicle incident pollard street and crouch avenue near pollard street and crouch avenue use talk group 10 combined response coquitlam map grid 116
DISP-2026-6A6DB8.wav,coquitlam medic 1 respond routine medical aid - traumatic injuries 1190 eastwood street number 315 near primrose lane and guildford way use talk group 10 combined response coquitlam map grid 84
DISP-2026-6AF8D4.wav,coquitlam medic 1 respond emergency medical aid - overdose arrest 3030 gordon avenue rain city housing near christmas way and westwood street use talk group 10 combined response coquitlam map grid 68
DISP-2026-6B2586.wav,coquitlam ladder 1 respond emergency alarm activated - high risk 1050 united blvd near access road and king edward street use talk group 6 coquitlam map grid 31
DISP-2026-6BC68A.wav,coquitlam medic 1 respond emergency medical aid - breathing problem 1140 pinetree way skytrain lincoln station evergreen line near northern avenue and lincoln avenue use talk group 10 combined response coquitlam map grid 82
DISP-2026-6D0D9F.wav,coquitlam engine 1 respond emergency rubbish fire 3059 gordon avenue near christmas way and westwood st use talk group 5 coquitlam map grid 68
DISP-2026-6E34FE.wav,coquitlam medic 1 respond emergency medical aid - collapse 1200 glen pine crt glen pine pavilion use talk group 10 combined response coquitlam map grid 83
DISP-2026-70BFB6.wav,coquitlam engine 1 respond emergency rubbish fire westwood street and lougheed highway near westwood street and lougheed highway use talk group 5 coquitlam map grid 82
DISP-2026-72256C.wav,coquitlam medic 1 respond routine lift assist 2905 glen drive number 503 near johnson street and pacific street use talk group 10 combined response coquitlam map grid 83
DISP-2026-722B82.wav,coquitlam engine 2 engine 1 rescue 2 respond emergency alarm activated - high risk 2601 lougheed highway near turning lane and thyme drive use talk group 5 coquitlam map grid 55
DISP-2026-7270E4.wav,coquitlam ladder 1 respond routine odor - unknown source 1164 shelter crescent near esperanza drive and sechelt drive use talk group 5 coquitlam map grid 98
DISP-2026-730FC9.wav,coquitlam engine 4 engine 1 rescue 2 respond emergency alarm activated - high risk 1385 glenbrook street use talk group 5 coquitlam map grid 109
DISP-2026-73FFB0.wav,coquitlam engine 1 respond emergency medical aid - breathing problem 3339 thor crt use talk group 10 combined response coquitlam map grid 103
DISP-2026-74813F.wav,coquitlam engine 1 respond emergency medical aid 2966 silver springs boulevard number 105 near david avenue and whisper way use talk group 10 combined response coquitlam map grid 88
DISP-2026-760F87.wav,coquitlam medic 1 respond emergency medical aid - chest pain 3086 lincoln avenue number 102 near westwood street and pipeline road use talk group 10 combined response coquitlam map grid 82
DISP-2026-763CE4.wav,coquitlam quint 5 rescue 2 respond emergency motor vehicle incident gatensbury st and grover avenue near gatensbury street and grover avenue use talk group 10 combined response coquitlam map grid 22
DISP-2026-76A4BF.wav,coquitlam engine 1 respond emergency medical aid - collapse 2747 lougheed highway near turning lane use talk group 10 combined response coquitlam map grid 57
DISP-2026-77C118.wav,coquitlam medic 1 respond emergency medical aid - collapse 3025 lougheed highway near turning lane use talk group 10 combined response coquitlam map grid 82
DISP-2026-781541.wav,coquitlam medic 1 respond emergency medical aid - collapse 3025 lougheed highway near turning lane use talk group 10 combined response coquitlam map grid 82
DISP-2026-789E05.wav,coquitlam engine 1 engine 2 rescue 2 respond emergency alarm activated - high risk 1163 pinetree way henderson center mall near northern avenue and turning lane use talk group 5 coquitlam map grid 82
DISP-2026-78C19A.wav,coquitlam medic 1 respond emergency medical aid - overdose 3060 gordon avenue near christmas way and westwood street use talk group 10 combined response coquitlam map grid 68
DISP-2026-791209.wav,coquitlam medic one respond emergency medical aid fall 2968 burlington drive number 105 near pacific street and the high street use talk ground 10 combined response coquitlam map grid 83
DISP-2026-798FAE.wav,coquitlam medic 1 respond emergency medical aid - collapse 1101 pinetree way near turning lane and anson ave use talk group 10 combined response coquitlam map grid 82
DISP-2026-7A1302.wav,coquitlam engine 1 respond emergency medical aid - cardiac arrest 1457 hockaday street number basement near wingrove terrace and turner avenue use talk group 10 combined response coquitlam map grid 1
DISP-2026-7A717D.wav,coquitlam medic 1 respond routine lift assist 1142 dufferin street number 189 parkwood manor use talk group 10 combined response coquitlam map grid 81
DISP-2026-7A9DB3.wav,coquitlam engine 1 engine 4 rescue 2 respond emergency alarm activated - high risk 515 cottonwood avenue near whiting way use talk group 5 coquitlam map grid 5
DISP-2026-7C2AFC.wav,coquitlam engine 1 ladder 1 respond emergency alarm activated 1347 kenney street near patullo cres use talk group 6 coquitlam map grid 88
DISP-2026-7CFC58.wav,coquitlam medic 1 respond emergency medical aid - headache 1160 johnson street near glen drive and atlantic avenue use talk group 10 combined response coquitlam map grid 81
DISP-2026-7D227A.wav,coquitlam engine 1 respond emergency medical aid 4992 upper harper road near park access and access road use talk group 10 combined response coquitlam map grid 114
DISP-2026-7DFFA5.wav,coquitlam engine 1 respond emergency medical aid - overdose 1210 pinetree way city center aquatic center near town centre boulevard and turning lane use talk group 10 combined response coquitlam map grid 86
DISP-2026-7F0934.wav,coquitlam medic 1 respond emergency medical aid - breathing problem 1142 dufferin street number 363 parkwood manor use talk group 10 combined response coquitlam map grid 81
DISP-2026-7F1AFE.wav,coquitlam medic 1 respond emergency medical aid 3030 gordon avenue rain city housing near christmas way and westwood street use talk group 10 combined response coquitlam map grid 68
DISP-2026-804C08.wav,coquitlam engine 1 ladder 1 respond emergency alarm activated 1619 pinetree way near bobcat place and tanager crt use talk group 5 coquitlam map grid 94
DISP-2026-80656F.wav,coquitlam medic 1 respond emergency medical aid - overdose 3030 gordon avenue rain city housing near christmas way and westwood street use talk group 10 combined response coquitlam map grid 68
DISP-2026-80CE24.wav,coquitlam engine 1 respond routine wildland fire - smouldering33 2911 lougheed highway use talk group 5 coquitlam map grid 66
DISP-2026-815350.wav,coquitlam medic 1 respond emergency medical aid overdose 3030 gordon avenue rain city housing near christmas way and westwood street use talk group 10 combined response coquitlam map grid 68
DISP-2026-83C957.wav,coquitlam medic 1 respond emergency medical aid - collapse 3000 lougheed highway superstore town centre near turning lane and westwood street use talk group 10 combined response coquitlam map grid 68
DISP-2026-841B05.wav,coquitlam engine 2 ladder 1 respond emergency structure fire - high risk 3036 gordon avenue near christmas way and westwood street use talk group 5 coquitlam map grid 68
DISP-2026-845E2D.wav,coquitlam medic 1 respond emergency medical aid - overdose 3025 lougheed highway near turning lane use talk group 10 combined response coquitlam map grid 82
DISP-2026-846CDF.wav,coquitlam engine 1 engine 2 engine 3 rescue 2 ladder 1 car 7 respond emergency report of smoke - high risk 2968 glen drive near pacific st and the high street use talk group 5 coquitlam map grid 82
DISP-2026-85972F.wav,coquitlam engine 1 rescue 2 respond routine motor vehicle incident guildford way & falcon drive near guildford way and falcon drive use talk group 10 combined response coquitlam map grid 70
DISP-2026-85AF6E.wav,coquitlam medic 1 respond emergency medical aid - headache 1205 pipeline road number 102 near glen drive and guildford way use talk group 10 combined response coquitlam map grid 98
DISP-2026-86EDA2.wav,coquitlam medic 1 respond emergency medical aid collapse 3030 gordon avenue rain city housing near christmas way and westwood street use talk group 10 combined response coquitlam map grid 68
DISP-2026-8704C5.wav,coquitlam medic 1 respond emergency medical aid - collapse 2930 barnet highway skytrain coquitlam central station evergreen line near turning lane use talk group 10 combined response coquitlam map grid 82
DISP-2026-87A819.wav,coquitlam quint 5 engine 1 rescue 2 respond emergency alarm activated - high risk 629 cottonwood avenue near marshall street and adler avenue use talk group 6 coquitlam map grid 5
DISP-2026-87DFBC.wav,coquitlam engine 1 respond routine lift assist 1283 erskine street near dupont place and walton avenue use talk group 10 combined response coquitlam map grid 80
DISP-2026-888833.wav,coquitlam engine 1 respond routine lift assist 1142 dufferin street number 189 parkwod manor use talk group 10 combined response coquitlam map grid 81
DISP-2026-889AEA.wav,coquitlam medic 1 respond emergency medical aid collapse 3020 gordon avenue near christmas way and westwood street use talk group 10 combined response coquitlam map grid 68
DISP-2026-88D59A.wav,coquitlam medic 1 respond emergency medical aid - collapse 3025 lougheed highway near turning lane use talk group 10 combined response coquitlam map grid 82
DISP-2026-8AC658.wav,coquitlam medic 1 respond emergency medical aid - fall 3030 gordon avenue rain city housing near christmas way and westwood street use talk group 10 combined response coquitlam map grid 68
DISP-2026-8B7476.wav,coquitlam engine 1 respond routine report of smoke pipeline road and galette avenue near pipeline road and galette avenue use talk group 6 coquitlam map grid 103
DISP-2026-8BD072.wav,coquitlam engine 3 engine 2 engine 1 rescue 2 ladder 1 car 9 respond emergency report of smoke 1687 smith avenue near schoolhouse st and poirier st use talk group 5 coquitlam map grid 23
DISP-2026-8BFDF8.wav,coquitlam medic 1 respond emergency medical aid - collapse christmas way and gordon ave near christmas way and gordon ave use talk group 10 combined response coquitlam map grid 68
DISP-2026-8C7BBE.wav,coquitlam medic 1 respond emergency medical aid - stroke 3030 gordon avenue rain city housing near christmas way and westwood street use talk group 5 coquitlam map grid 68
DISP-2026-8CD2B8.wav,coquitlam engine 1 respond emergency medical aid - collapse 2841 glen drive number 204 near gleneagle secondary school access and mccoomb drive use talk group 10 combined response coquitlam map grid 80
DISP-2026-8D1A78.wav,coquitlam engine 1 respond emergency medical aid - overdose 1030 westwood street near redwood avenue and christmas way use talk group 10 combined response coquitlam map grid 68
DISP-2026-8D942C.wav,coquitlam medic 1 respond emergency medical aid - overdose 3030 gordon avenue rain city housing near christmas way and westwood street use talk group 10 combined response coquitlam map grid 68
DISP-2026-8E5236.wav,coquitlam engine 1 respond emergency medical aid - cardiac problem 2925 barnet highway near mall access and turning lane use talk group 10 combined response coquitlam map grid 82
DISP-2026-8F4598.wav,coquitlam medic 1 respond emergency medical aid - collapse westwood street & christmas way near westwood street and christmas way use talk group 10 combined response coquitlam map grid 68
DISP-2026-8F5C0E.wav,coquitlam engine 1 respond routine medical aid 2739 barnet highway value village barnet near turning lane and access road use talk group 10 combined response coquitlam map grid 69
DISP-2026-8FC357.wav,coquitlam engine 1 respond emergency medical aid - back pain 1215 lansdowne drive number 106 near guildford way and scott creek middle school access use talk group 10 combined response coquitlam map grid 80
DISP-2026-90674A.wav,coquitlam medic 1 respond emergency medical aid - collapse 2929 barnet highway coquitlam centre mall near mall access and turning lane use talk group 10 combined response coquitlam map grid 82
DISP-2026-90CDE3.wav,coquitlam engine 1 engine 2 rescue 2 respond emergency alarm activated - high risk 2968 glen drive near pacific street and the high street use talk group 5 coquitlam map grid 82
DISP-2026-911E99.wav,coquitlam engine 1 respond emergency medical aid - stroke 3342 hockaday place use talk group 10 combined response coquitlam map grid 96
DISP-2026-925A24.wav,coquitlam engine 2 engine 1 rescue 2 respond emergency alarm activated - high risk 2950 dewdney trunk road friendship baptist church near turning lane and hoy street use talk group 5 coquitlam map grid 61
DISP-2026-951E24.wav,coquitlam medic 1 respond emergency medical aid - breathing problem 2968 glen drive number 606 near pacific street and the high street use talk group 10 combined response coquitlam map grid 82
DISP-2026-956610.wav,coquitlam medic 1 respond emergency medical aid - collapse barnet highway & lougheed highway near barnet highway and lougheed highway use talk group 10 combined response coquitlam map grid 82
DISP-2026-95C6B7.wav,coquitlam medic 1 respond emergency medical aid overdose arrest 3030 gordon avenue rain city housing near christmas way and westwood street use talk group 10 combined response coquitlam map grid 68
DISP-2026-968593.wav,coquitlam engine 1 engine 2 rescue 2 respond emergency alarm activated - high risk 2929 barnet highway coquitlam centre mall near mall access and turning lane use talk group 5 coquitlam map grid 82
DISP-2026-9710FA.wav,coquitlam engine 1 respond emergency medical aid 3162 patullo crescent near kenny street use talk group 10 combined response coquitlam map grid 88
DISP-2026-977930.wav,coquitlam medic 1 respond emergency medical aid - breathing problem 2986 guildford way rcmp station near town centre boulevard and pinetree way use talk group 10 combined response coquitlam map grid 83
DISP-2026-995229.wav,coquitlam medic 1 respond emergency medical aid - overdose 3001 gordon avenue near christmas way and westwood street use talk group 10 combined response coquitlam map grid 68
DISP-2026-997FB0.wav,coquitlam engine 1 respond emergency medical aid - overdose 2905 lougheed highway near turning lane use talk group 10 combined response coquitlam map grid 66
DISP-2026-99F8C4.wav,coquitlam engine 1 rescue 2 respond emergency motor vehicle incident 2561 lougheed highway near thyme drive and turning lane use talk group 10 combined response coquitlam map grid 53
DISP-2026-9B16EB.wav,coquitlam engine 1 respond emergency medical aid - overdose 3030 gordon avenue rain city housing near christmas way and westwood street use talk group 10 combined response coquitlam map grid 68
DISP-2026-9B1747.wav,coquitlam engine 1 respond emergency motor vehicle incident - pedestrian struck 2930 barnet highway skytrain coquitlam central station evergreen line near turning lane use talk group 10 combined response coquitlam map grid 82
DISP-2026-9C4851.wav,coquitlam medic 1 respond emergency medical aid - chest pain 3030 gordon avenue rain city housing near christmas way and westwood street use talk group 10 combined response coquitlam map grid 68
DISP-2026-9E8BF5.wav,coquitlam engine 1 respond emergency medical aid - breathing problem 2653 sandstone crescent near sandstone court and noons creek drive use talk group 10 combined response coquitlam map grid 73
DISP-2026-9FE8EF.wav,coquitlam medic 1 respond emergency medical aid seizure 2930 barnet highway skytrain coquitlam central station evergreen line near turning lane use talk group 10 combined response coquitlam map grid 82
DISP-2026-A128A1.wav,coquitlam engine 1 respond emergency medical aid - chest pain 2565 runnel drive near access road and falcon drive use talk group 10 combined response coquitlam map grid 69
DISP-2026-A1A8F8.wav,coquitlam medic 1 respond emergency medical aid - chest pain 3030 gordon avenue rain city housing near christmas way and westwood st use talk group 10 combined response coquitlam map grid 68
DISP-2026-A2047C.wav,coquitlam medic 1 respond emergency medical aid chest pain 1142 dufferin street number 311 parkwood manor use talk group 10 combined response coquitlam map grid 81
DISP-2026-A242C6.wav,coquitlam engine 1 respond emergency medical aid 1457 hockaday street number basement near wingrove terrace and turner ave use talk group 10 combined response coquitlam map grid 103
DISP-2026-A24375.wav,coquitlam engine 1 engine 2 rescue 2 respond emergency alarm activated - high risk 2960 walton avenue walton elementary near walton elementary school access use talk group 5 coquitlam map grid 87
DISP-2026-A2EC48.wav,coquitlam engine 1 respond routine rescue 2968 glen drive near pacific street and the high street use talk group 5 coquitlam map grid 82
DISP-2026-A3AC89.wav,coquitlam engine 1 engine 4 ladder 1 respond emergency alarm activated - high risk 2970 princess crescent use talk group 6 coquitlam map grid 85
DISP-2026-A3C887.wav,coquitlam engine 1 respond routine report of smoke pipeline road and david avenue near pipeline road and david avenue use talk group 6 coquitlam map grid 96
DISP-2026-A44B5B.wav,coquitlam ladder 1 respond emergency medical aid overdose 3025 lougheed highway near turning lane use talk group 10 combined response coquitlam map grid 82
DISP-2026-A49AA2.wav,coquitlam engine 1 engine 2 rescue 2 respond emergency alarm activated 2968 christmas way near turning lane and pheasant street use talk group 5 coquitlam map grid 68
DISP-2026-A55BDD.wav,coquitlam engine 1 respond routine burning complaint gabriola drive and dunkirk avenue near gabriola drive and dunkirk avenue use talk group 5 coquitlam map grid 100
DISP-2026-A5B3F5.wav,coquitlam medic 1 respond emergency medical aid - collapse 3000 lougheed highway superstore town centre near turning lane and westwood street use talk group 10 combined response coquitlam map grid 68
DISP-2026-A5E1D4.wav,coquitlam medic 1 respond emergency medical aid - overdose 3030 gordon avenue rain city housing near christmas way and westwood street use talk group 10 combined response coquitlam map grid 68
DISP-2026-A60F40.wav,coquitlam engine 1 respond emergency medical aid - headache 1205 pipeline road number 102 near glen drive and guildford way use talk group 10 combined response coquitlam map grid 98
DISP-2026-A65F8D.wav,coquitlam engine 1 respond emergency medical aid - breathing problem 2575 steeple crt use talk group 10 combined response coquitlam map grid 71
DISP-2026-A6E814.wav,coquitlam engine 1 respond emergency medical aid - hemorrhage 1250 pinetree way douglas college near unnamed lane and town centre blvd use talk group 10 combined response coquitlam map grid 86
DISP-2026-A6EDBC.wav,coquitlam medic 1 respond emergency medical aid collapse 2982 burlington drive number 2503 near the high street and pinetree way use talk group 10 combined response coquitlam map grid 83
DISP-2026-A700D9.wav,coquitlam medic 1 respond emergency medical aid collapse 2929 barnet highway coquitlam center mall near mall access and turning lane use talk group 10 combined response coquitlam map grid 82
DISP-2026-A81ED0.wav,coquitlam engine 1 respond emergency medical aid - allergic reaction 2960 princess crescent number 420 use talk group 10 combined response coquitlam map grid 85
DISP-2026-A977D4.wav,coquitlam engine 2 engine 1 respond emergency alarm activated 210 lebleu st near brunette avenue and alderson avenue use talk group 5 coquitlam map grid 16
DISP-2026-AA439C.wav,coquitlam medic 1 respond emergency medical aid collapse 2747 lougheed highway near turning lane use talk group 10 combined response coquitlam map grid 57
DISP-2026-AA7819.wav,coquitlam engine 3 engine 2 rescue 2 ladder 1 car 7 respond emergency structure fire - high risk 770 ingersoll avenue near clarke road and grant street map grid 7
DISP-2026-AAFDB8.wav,coquitlam engine 1 engine 2 rescue 2 respond emergency alarm activated - high risk 1123 westwood street near anson avenue and lincoln ave use talk group 5 coquitlam map grid 82
DISP-2026-AB4515.wav,coquitlam medic 1 respond emergency medical aid - overdose 3030 gordon avenue rain city housing near christmas way and westwood street use talk group 10 combined response coquitlam map grid 68
DISP-2026-ABD874.wav,coquitlam medic 1 respond emergency medical aid - chest pain 3098 guildford way number 409 near eastwood street and pipeline road use talk group 10 combined response coquitlam map grid 84
DISP-2026-AC716C.wav,coquitlam medic 1 respond emergency medical aid - overdose 3030 gordon avenue rain city housing near christmas way and westwood street use talk group 10 combined response coquitlam map grid 68
DISP-2026-ACCF6D.wav,coquitlam medic 1 respond emergency medical aid - chest pain 1178 heffley crescent number 1202 near westwood street and obelisk way use talk group 10 combined response coquitlam map grid 82
DISP-2026-AD60CD.wav,coquitlam engine 1 respond emergency medical aid - breathing problem 2860 packard avenue number 307 near dufferin street and johnson street use talk group 10 combined response coquitlam map grid 81
DISP-2026-AED458.wav,coquitlam medic 1 respond emergency medical aid - overdose 3030 gordon avenue rain city housing near christmas way and westwood street use talk group 10 combined response coquitlam map grid 68
DISP-2026-AEF91D.wav,coquitlam engine 1 respond emergency medical aid - fall 1457 hockaday street near wingrove terrace and turner ave use talk group 10 combined response coquitlam map grid 103
DISP-2026-AF0155.wav,coquitlam engine 1 engine 2 rescue 2 respond emergency alarm activated - high risk 3061 glen drive near westwood street and glen elementary school access use talk group 5 coquitlam map grid 84
DISP-2026-AFC34A.wav,coquitlam engine 1 respond emergency medical aid - collapse 2978 walton avenue number 40 near walton elementary school access and julian avenue use talk group 10 combined response coquitlam map grid 85
DISP-2026-B042E9.wav,coquitlam engine 1 respond emergency medical aid - collapse 1210 pinetree way city centre aquatic centre near town centre boulevard and turning lane use talk group 10 combined response coquitlam map grid 86
DISP-2026-B085E3.wav,coquitlam medic 1 respond emergency medical aid - overdose 3000 lougheed highway superstore town centre near turning lane and westwood street use talk group 10 combined response coquitlam map grid 68
DISP-2026-B137E4.wav,coquitlam engine 2 engine 1 rescue 2 respond emergency alarm activated - high risk 2601 lougheed highway number 24 near turning lane and thyme drive use talk group 5 coquitlam map grid 53
DISP-2026-B19172.wav,coquitlam engine 1 respond emergency medical aid - cardiac arrest 1999 parkway boulevard near eagle mountain access and turnberry lane use talk group 10 combined response coquitlam map grid 92
DISP-2026-B5CE19.wav,coquitlam engine 1 respond emergency medical aid - collapse 3341 banner place use talk group 10 combined response coquitlam map grid 96
DISP-2026-B7B1EE.wav,coquitlam engine 2 respond emergency medical aid - cardiac arrest 1226 johnson street number 203 near durant dr and guildford way use talk group 10 combined response coquitlam map grid 80
DISP-2026-B7BE42.wav,coquitlam medic 1 respond routine medical aid 1190 pacific street number 314 near glen drive and burlington drive use talk group 10 combined response coquitlam map grid 83
DISP-2026-B96856.wav,coquitlam engine 1 respond emergency medical aid - breathing problem 2665 cape horn avenue number 47 near united boulevard and colony farm road use talk group 10 combined response coquitlam map grid 49
DISP-2026-B9BF99.wav,coquitlam engine 1 respond emergency compressed gas smell - inside 3000 pinewood avenue pinetree secondary near unnamed lane and pinetree way use talk group 5 coquitlam map grid 85
DISP-2026-BB1EFB.wav,coquitlam engine 1 respond routine rescue 1188 pinetree way near glen drive and atlantic avenue use talk group 5 coquitlam map grid 82
DISP-2026-BC2663.wav,medic 1 respond emergency medical aid overdose arrest 3030 gordon avenue number 407 rain city housing near christmas way and westwood street use talk group 10 combined response coquitlam map grid 68
DISP-2026-BC43B5.wav,coquitlam engine 1 respond routine testing only 1300 pinetree way near david avenue and pinewood avenue map grid 86
DISP-2026-BC8D49.wav,coquitlam medic 1 respond emergency medical aid - breathing problem 3025 lougheed highway number 100 safeway lougheed near turning lane use talk group 10 combined response coquitlam map grid 82
DISP-2026-BD4C48.wav,coquitlam medic 1 respond emergency medical aid - overdose 1178 heffley crescent near westwood street and obelisk way use talk group 10 combined response coquitlam map grid 82
DISP-2026-BDEF1E.wav,coquitlam medic 1 respond routine lift assist 1142 dufferin street number 189 park road manor use talk group 10 combined response coquitlam map grid 81
DISP-2026-BEB137.wav,coquitlam medic 1 respond emergency medical aid - overdose arrest 3030 gordon avenue rain city housing near christmas way use talk group 10 combined response coquitlam map grid 68
DISP-2026-BF90E3.wav,coquitlam medic 1 respond routine assist 1185 the high street near glen drive and burlington drive use talk group 5 coquitlam map grid 83
DISP-2026-BFAB27.wav,coquitlam ladder 1 respond emergency medical aid - collapse 3000 lougheed highway superstore town center near turning lane and westwood street use talk group 10 combined response coquitlam map grid 68
DISP-2026-BFD112.wav,coquitlam engine 1 respond emergency medical aid - chest pain 1220 lasalle place number 209 use talk group 10 combined response coquitlam map grid 85
DISP-2026-BFEA32.wav,medic 1 respond routine lift assist 1142 dufferin street parkwood manor use talk group 10 combined response coquitlam map grid 81
DISP-2026-C0B563.wav,coquitlam engine 1 respond emergency medical aid - collapse 3239 chrome crescent near hornby street and savary avenue use talk group 10 combined response coquitlam map grid 100
DISP-2026-C12021.wav,coquitlam medic 1 respond emergency medical aid - fall 2918 glen drive number 101 near johnson street and pacific st use talk group 10 combined response coquitlam map grid 82
DISP-2026-C17617.wav,coquitlam engine 1 respond emergency medical aid - abdominal pain 2003 gable drive near oxbow way and river drive use talk group 10 combined response coquitlam map grid 101
DISP-2026-C219A8.wav,coquitlam engine 1 respond emergency medical aid - breathing problem 3172 gambier avenue near wise court and nestor street use talk group 10 combined response coquitlam map grid 97
DISP-2026-C23196.wav,coquitlam engine 1 quint 5 rescue 2 ladder 1 respond emergency stove fire 2921 kalamalka drive near keets drive and chilko drive use talk group 5 coquitlam map grid 56
DISP-2026-C37454.wav,coquitlam medic 1 respond emergency medical aid - collapse 1188 pinetree way near glen drive and atlantic ave use talk group 10 combined response coquitlam map grid 82
DISP-2026-C39B88.wav,coquitlam car 9 respond emergency compressed gas smell inside high risk 3030 gordon avenue rain city housing near christmas way and westwood street used talk group 5 coquitlam map grid 68
DISP-2026-C56F81.wav,coquitlam engine 1 ladder 1 respond emergency alarm activated 3166 silverthrone drive near halem crt and arrowsmith place use talk group 5 coquitlam map grid 95
DISP-2026-C6165A.wav,coquitlam medic 1 respond emergency medical aid - collapse 3062 lougheed highway near turning lane and westwood st use talk group 10 combined response coquitlam map grid 68
DISP-2026-C73C17.wav,coquitlam medic 1 respond emergency medical aid - overdose 3025 lougheed highway near turning lane use talk group 10 combined response coquitlam map grid 82
DISP-2026-C7C451.wav,coquitlam medic 1 respond emergency medical aid chest pain 3107 windsor gate number 305 near nakoma place and kencal place use talk group 10 combined response coquitlam map grid 98
DISP-2026-C8CC1E.wav,coquitlam medic 1 respond emergency medical aid - overdose christmas way and westwood street near christmas way and westwood street use talk group 10 combined response coquitlam map grid 68
DISP-2026-CAC8CD.wav,coquitlam engine 1 respond emergency medical aid - breathing probelm 3098 guildford way number 113 near eastwood street and pipeline road use talk group 10 combined response coquitlam map grid 84
DISP-2026-CBABF4.wav,coquitlam engine 1 engine 2 rescue 2 respond emergency alarm activated - high risk 3085 primrose lane near westwood street and eastwood street use talk group 5 coquitlam map grid 84
DISP-2026-CBD6F0.wav,coquitlam medic 1 respond emergency medical aid 3030 gordon avenue rain city housing near christmas way and westwood street use talk group 10 combined response coquitlam map grid 68
DISP-2026-CC6490.wav,coquitlam medic 1 respond emergency medical aid - chest pain 2950 glen drive near pacific street and the high street use talk group 10 combined response coquitlam map grid 82
DISP-2026-CDA3C8.wav,coquitlam engine 1 respond emergency medical aid - breathing problems 1432 parkway boulevard number 307 use talk group 10 combined response coquitlam map grid 78
DISP-2026-CDCFF5.wav,coquitlam ladder 1 respond emergency medical aid - diabetic 2633 walton avenue number basement near durant drive and erxine street use talk group 10 combined response coquitlam map grid 79
DISP-2026-CE7F92.wav,coquitlam engine 1 respond emergency medical aid - collapse 2920 headstone court use talk group combined response coquitlam map grid 89
DISP-2026-CEBCE9.wav,coquitlam engine 1 respond routine rescue 1205 pipeline road near glen drive and guildford way use talk group 5 coquitlam map grid 98
DISP-2026-CEEF4A.wav,coquitlam engine 1 engine 2 rescue 2 respond emergency alarm activated - high risk 2978 glen drive near pacific street and the high street use talk group 5 coquitlam map grid 82
DISP-2026-D00EC5.wav,coquitlam engine 1 engine 4 respond emergency alarm activated 1883 beaty place use talk group 5 coquitlam map grid 101
DISP-2026-D02A85.wav,coquitlam engine 1 car 5 respond emergency report of smoke - high risk 555 shaw avenue use talk group 5 coquitlam map grid 3
DISP-2026-D0C4AC.wav,coquitlam engine 1 respond emergency vehicle fire david avenue and johnson street near david avenue and johnson street use talk group 5 coquitlam map grid 78
DISP-2026-D0D329.wav,coquitlam medic 1 respond emergency medical aid - chest pain 2929 barnet highway coquitlam center mall near mall access and turning lane use talk group 10 combined response coquitlam map grid 82
DISP-2026-D0F66A.wav,coquitlam medic 1 respond emergency medical aid - collapse 3025 lougheed highway near turning lane use talk group 10 combined response coquitlam map grid 82
DISP-2026-D106EB.wav,coquitlam medic 1 respond emergency medical aid overdose 303 0 gordon avenue rain city housing near christmas way and westwood street use talk group 10 combined response
DISP-2026-D107E5.wav,coquitlam medic 1 respond emergency medical aid - overdose 3030 gordon avenue rain city housing near christmas way and westwood street use talk group 10 combined response coquitlam map grid 68
DISP-2026-D13340.wav,coquitlam engine 4 engine 1 respond emergency alarm activated 1290 mitchell street number 110 near gislason ave and dollar cres use talk group 5 coquitlam map grid 111
DISP-2026-D19C32.wav,coquitlam medic 1 respond emergency medical aid 2930 barnet highway sky train coquitlam central station evergreen line near turning lane use talk group 10 combined response coquitlam map grid 82
DISP-2026-D2546B.wav,coquitlam engine 1 respond routine report of smoke watkins avenue and collins road near watkins avenue and collins road use talk group 5
DISP-2026-D28184.wav,coquitlam medic 1 respond emergency medical aid - chest pain 1142 dufferin street number 211 parkwood manor use talk group 10 combined response coquitlam map grid 81
DISP-2026-D2CE20.wav,coquitlam medic 1 respond emergency medical aid - breathing problems 1142 dufferin street number 116 parkwood manor use talk group 10 combined response coquitlam map grid 81
DISP-2026-D36869.wav,coquitlam engine 1 respond routine wildland fire - smoldering 1234 oxbow way near keith drive and vonda way use talk group 5 coquitlam map grid 101
DISP-2026-D3BBD7.wav,coquitlam medic 1 respond routine medical aid - fall 2929 barnet highway coquitlam center mall near mall access and turning lane use talk group 10 combined response coquitlam map grid 82
DISP-2026-D3EF77.wav,coquitlam medic 1 respond emergency medical aid - overdose christmas way and gordon ave near christmas way use talk group 10 combined response coquitlam map grid 68
DISP-2026-D5B743.wav,coquitlam medic 1 respond emergency medical aid - collapse 3000 christmas way just for fit ladies near gordon avenue and westwood street use talk group 10 combined response coquitlam map grid 68
DISP-2026-D649A4.wav,coquitlam engine 1 respond routine alarm activated 3110 dayanee springs boulevard number 412 near genest way and pipeline road use talk group 5 coquitlam map grid 88
DISP-2026-D6DB9C.wav,coquitlam engine 1 rescue 2 respond emergency motor vehicle incident - cyclist struck panorama drive and johnson street near panorama drive and johnson street use talk group 10 combined response
DISP-2026-D8657E.wav,coquitlam medic 1 respond emergency medical aid - overdose 3030 gordon avenue rain city housing near christmas way and westwood street use talk group 10 combined response coquitlam map grid 68
DISP-2026-D8A434.wav,coquitlam engine 1 respond emergency medical aid - collapse lansdowne drive and guildford way near landsdown drive and guildford way use talk group 10 combined response coquitlam map grid 70
DISP-2026-D97D58.wav,coquitlam engine 3 engine 2 engine 1 rescue 2 ladder 1 car 5 respond emergency report of smoke - high risk 712 townley street near smith ave and cornell avenue use talk group 5 coquitlam map grid 8
DISP-2026-D9C015.wav,coquitlam engine 1 respond emergency medical aid - fall 2579 trillium place use talk group 10 combined response coquitlam map grid 72
DISP-2026-DA840D.wav,coquitlam engine 1 respond routine burning complaint 2968 christmas way near turning lane and pheasant street map grid 68
DISP-2026-DB7F2E.wav,coquitlam engine 1 respond emergency medical aid - overdose 3030 gordon avenue rain city housing near christmas way and westwood street use talk group 10 combined response coquitlam map grid 68
DISP-2026-DC7163.wav,coquitlam medic 1 respond emergency medical aid - cardiac problem 2982 burlington drive number 2606 near the high street and pinetree way use talk group 10 combined response coquitlam map grid 83
DISP-2026-DD0750.wav,coquitlam engine 1 respond emergency alarm activated - high risk 2601 lougheed highway number 29 near turning lane and thyme drive use talk group 5 coquitlam map grid 55
DISP-2026-DD2342.wav,coquitlam ladder 1 respond emergency medical aid - traumatic injuries ozada avenue and tahsis avenue near ozada avenue and tahsis avenue use talk group 10 combined response coquitlam map grid 98
DISP-2026-DD779A.wav,coquitlam medic 1 respond emergency medical aid westwood street and gordon avenue near westwood street and gordon avenue use talk group 10 combined response coquitlam map grid 68
DISP-2026-DD95DD.wav,coquitlam engine 1 respond emergency electrical problem 1242 hornby street near dunkirk avenue and georgeson avenue use talk group 6 coquitlam map grid 100
DISP-2026-DE95C6.wav,coquitlam ladder 1 engine 2 car 7 respond emergency report of smoke - high risk 657 whiting way lougheed heights tower 1 near foster avenue and shepard ave use talk group 5 coquitlam map grid 5
DISP-2026-DEB038.wav,coquitlam medic 1 respond emergency medical aid - fall 1149 westwood street glen park near heffley crescent use talk group 10 combined response coquitlam map grid 82
DISP-2026-DF825F.wav,coquitlam medic 1 respond routine lift assist 2860 packard avenue number 106 near dufferin street and johnson street use talk group 10 combined response coquitlam map grid 81
DISP-2026-E03882.wav,coquitlam medic 1 respond emergency medical aid collapse 3000 lougheed hwy superstore town center near turning lane and westwood street use group 10 combined response coquitlam map grid 68
DISP-2026-E07EBA.wav,coquitlam medic 1 respond emergency medical aid - overdose 3030 gordon avenue rain city housing near christmas way and westwood street use talk group 10 combined response coquitlam map grid 68
DISP-2026-E2919A.wav,coquitlam engine 1 engine 4 rescue 2 ladder 1 respond emergency compressed gas smell - inside 3030 gordon avenue rain city housing near christmas way and westwood street use talk group 5 coquitlam map grid 68
DISP-2026-E2AF12.wav,coquitlam engine 1 respond routine rescue 2968 glen drive near pacific street and the high street use talk group 10 combined response coquitlam map grid 82
DISP-2026-E365BF.wav,coquitlam engine 1 respond emergency medical aid - cardiac problem 2922 valleyvista drive near vistaview court and valleyview crt use talk group 10 combined response coquitlam map grid 89
DISP-2026-E3737A.wav,coquitlam medic one respond emergency medical aid collapse 3025 lougheed highway near turning lane use talk group 10 combined response coquitlam map grid 82
DISP-2026-E44F3B.wav,coquitlam medic 1 respond emergency medical aid - collapse 3030 gordon avenue rain city housing near christmas way and westwood street use talk group 10 combined response coquitlam map grid 68
DISP-2026-E5D4EC.wav,coquitlam engine 1 respond emergency medical aid - stroke 2983 robson drive near madrona place and waterford place use talk group 10 combined response coquitlam map grid 90
DISP-2026-E61587.wav,coquitlam engine 1 respond routine report of smoke 2975 princess crescent use talk group 6 coquitlam map grid 85
DISP-2026-E6483F.wav,coquitlam engine 1 respond emergency medical aid - seizure 2930 bighorn place use talk group 10 combined response coquitlam map grid 95
DISP-2026-E6522C.wav,coquitlam engine 1 respond emergency rubbish fire westwood street & lougheed highway near westwood street and loheed highway use talk group 5 coquitlam map grid 82
DISP-2026-E691DE.wav,coquitlam engine 1 respond emergency medical aid 1299 pinetree way town center park near unnamed lane and pinewood avenue use talk group 10 combined response coquitlam map grid 86
DISP-2026-E6A656.wav,coquitlam engine 1 ladder 1 respond emergency alarm activated 1215 falcon drive eagle ridge elementary near guildford way and eagle ridge elementary school access use talk group 5 coquitlam map grid 71
DISP-2026-E818DD.wav,coquitlam engine 4 respond routine alarm activated 3367 francis lane number basement use talk group 5 coquitlam map grid 109
DISP-2026-E89BC5.wav,coquitlam engine 1 respond routine lift assist 2980 princess crescent number 124 use talk group 10 combined response coquitlam map grid 85
DISP-2026-E91C22.wav,coquitlam engine 1 respond routine rescue 3007 glen drive near glen pine court and pinetree way use talk group 5 coquitlam map grid 83
DISP-2026-EA45C2.wav,coquitlam engine 1 respond emergency medical aid general illness 1153 kensal place number 212 use talk group 10 combined respond coquitlam map grid 98
DISP-2026-EA686F.wav,coquitlam engine 1 respond emergency medical aid - headache 2980 princess crescent number 434 use talk group 10 combined response coquitlam map grid 85
DISP-2026-EA7EA9.wav,coquitlam ladder 1 respond emergency medical aid - breathing problem 2969 whisper way number 204 near silver springs boulevard and pinetree way use talk group 10 combined response coquitlam map grid 88
DISP-2026-EABABB.wav,coquitlam engine 1 ladder 1 respond emergency alarm activated 1163 pinetree way henderson center mall near northern avenue and turning lane use talk group 5 coquitlam map grid 82
DISP-2026-EB0F89.wav,coquitlam medic 1 respond emergency medical aid - cardiac problem 2978 burlington drive number 310 near pacific street and the high street use talk group 10 combined response coquitlam map grid 83
DISP-2026-EB9DED.wav,coquitlam ladder 1 respond routine rescue 2833 david avenue near lansdowne drive and turning lane use talk group 10 combined response coquitlam map grid 78
DISP-2026-EC9CEF.wav,coquitlam medic 1 respond emergency medical aid - overdose 3030 gordon avenue rain city housing near christmas way and westwood st use talk group 10 combined response coquitlam map grid 68
DISP-2026-EDAE7E.wav,coquitlam medic 1 respond emergency medical aid overdose 3000 lougheed highway superstore town centre near turning lane and westwood street use talk group combined response coquitlam map grid 68
DISP-2026-EE163B.wav,coquitlam engine 1 rescue 2 respond emergency motor vehicle incident - high velocity impact 1414 pinetree way near robson drive and tantalus crt use talk group 10 combined response coquitlam map grid 95
DISP-2026-EF3B07.wav,coquitlam medic 1 respond emergency medical aid - overdose 3000 lougheed highway superstore town center near turning lane and westwood street use talk group 10 combined response coquitlam map grid 68
DISP-2026-EF65DF.wav,coquitlam engine 1 ladder 1 respond emergency alarm activated 1585 bramble lane number basement use talk group 5 coquitlam map grid 74
DISP-2026-F051E8.wav,coquitlam engine 1 engine 2 rescue 2 respond emergency alarm activated 2960 walton avenue walton elementary near walton elementary school access use talk group 5 coquitlam map grid 87
DISP-2026-F18EB3.wav,coquitlam ladder 1 respond emergency medical aid - chest pain 3405 plateau boulevard number 14 near norwood court and parkway boulevard use talk group 10 combined response coquitlam map grid 93
DISP-2026-F1F328.wav,coquitlam engine 1 respond routine assist 1332 steeple drive near steeple court and lansdowne drive use talk group 10 combined response coquitlam map grid 71
DISP-2026-F1F345.wav,coquitlam engine 1 engine 2 rescue 2 car 8 respond emergency motor vehicle incident christmas way and westwood street near christmas way and westwood street use talk group 10 combined response coquitlam map grid 68
DISP-2026-F2E16C.wav,coquitlam medic 1 respond emergency medical aid - overdose 3030 gordon avenue rain city housing near christmas way and westwood street use talk group 10 combined response coquitlam map grid 68
DISP-2026-F33FA3.wav,coquitlam medic 1 respond emergency medical aid - collapse 3025 lougheed highway near turning lane use talk group 10 combined response coquitlam map grid 82
DISP-2026-F3FC11.wav,coquitlam engine 1 respond emergency medical aid - stroke 1457 hockaday street number basement near wingrove terrace and turner ave use talk group 10 combined response coquitlam map grid 103
DISP-2026-F48EB0.wav,coquitlam engine 1 respond routine report of smoke 4000 quarry road minnekhada regional park quarry road parking lot near calgary drive and private driveway use talk group 5 coquitlam map grid 120
DISP-2026-F4A67D.wav,coquitlam medic 1 respond emergency medical aid - stroke 2980 atlantic avenue number 2807 near the high st and pinetree way use talk group 10 combined response coquitlam map grid 82
DISP-2026-F4FBF4.wav,coquitlam engine 3 quint 5 rescue 2 car 6 respond emergency technical rescue 1046 brunette avenue mackin park near nelson st and king edward st use talk group 5 coquitlam map grid 15
DISP-2026-F50535.wav,coquitlam engine 1 engine 2 rescue 2 respond emergency alarm activated 3056 glen drive near pinetree way and westwood street use talk group 5 coquitlam map grid 82
DISP-2026-F57B86.wav,coquitlam medic 1 respond emergency medical aid - collapse 3025 lougheed highway near turning lane use talk group 10 combined response coquitlam map grid 82
DISP-2026-F59A5F.wav,coquitlam medic 1 respond emergency medical aid - stroke 2980 atlantic avenue number 3304 near the high street and pinetree way use talk group 10 combined response coquitlam map grid 82
DISP-2026-F5DD1A.wav,coquitlam engine 1 rescue 2 respond emergency motor vehicle incident - cyclist struck westwood street and lincoln avenue near westwood street and lincoln avenue use talk group 10 combined response coquitlam map grid 82
DISP-2026-F69EBD.wav,coquitlam medic 1 respond emergency medical aid - chest pain 3000 lougheed highway superstore town center near turning lane and westwood street use talk group 10 combined response coquitlam map grid 68
DISP-2026-F7D588.wav,coquitlam medic 1 respond emergency medical aid - overdose 1140 pinetree way skytrain lincoln station evergreen line near northern avenue and lincoln avenue use talk group 10 combined response coquitlam map grid 82
DISP-2026-F89E1F.wav,coquitlam medic 1 respond emergency medical aid - collapse 2929 barnet highway coquitlam center mall near mall access and turning lane use talk group 10 combined response coquitlam map grid 82
DISP-2026-F8A294.wav,coquitlam ladder 1 respond emergency medical aid - chest pain 1295 lansdowne drive near steeple drive and honeysuckle lane use talk group 10 combined response coquitlam map grid 71
DISP-2026-F8B513.wav,coquitlam medic 1 respond emergency medical aid - breathing problem 3030 gordon avenue number 307 rain city housing near christmas way and westwood street use talk group 10 combined response coquitlam map grid 68
DISP-2026-F9F106.wav,coquitlam medic 1 respond emergency medical aid westwood street and gordon avenue near westwood street and gordon avenue use talk group 10 combined response coquitlam map grid 68
DISP-2026-FA8817.wav,coquitlam engine 1 respond emergency medical aid - chest pain 1339 corbin place near delahaye drive and alvis crt use talk group 10 combined response coquitlam map grid 87
DISP-2026-FAC556.wav,coquitlam engine 1 respond emergency medical aid - breathing problems 1226 johnson street number 203 near durant dr and guildford way use talk group 10 combined response coquitlam map grid 80
DISP-2026-FB504F.wav,coquitlam engine 1 respond emergency medical aid - chest pain 1446 purcell drive number basement near azure court and whitehorn court use talk group 10 combined response coquitlam map grid 95
DISP-2026-FC1B29.wav,coquitlam engine 1 respond routine wildland fire smoldering pinetree way and anson ave near pinetree way and anson ave use talk group 5 coquitlam map grid 82
DISP-2026-FC6697.wav,coquitlam ladder one respond emergency medical aid - overdose 3030 gordon avenue rain city housing near christmas way and westwood street use talk group 10 combined response coquitlam map grid 68
DISP-2026-FC9571.wav,coquitlam engine 1 engine 2 rescue 2 respond emergency alarm activated - high risk 2959 glen drive near pacific street and the high street use talk group 5 coquitlam map grid 83
DISP-2026-FCB69B.wav,coquitlam engine 1 respond emergency medical aid - chest pain 2990 princess crescent number 409 use talk group 10 combined response coquitlam map grid 85
DISP-2026-FD88EE.wav,coquitlam engine 1 respond emergency electrical problem 3025 lougheed highway near turning lane use talk group 5 coquitlam map grid 82
DISP-2026-FE62DB.wav,coquitlam engine 1 respond routine report of smoke bramble lane & thimbleberry crt near bramble lane and thimbleberry crt use talk group 5 coquitlam map grid 74
DISP-2026-FF4C94.wav,coquitlam medic 1 respond emergency medical aid - collapse 3030 gordon avenue rain city housing near christmas way and westwood street use talk group 10 combined response coquitlam map grid 68
DISP-2026-FF7B3C.wav,coquitlam engine one respond emergency medical aid - collapse 1125 kensal place near lincoln avenue and windsor gate use talk group 10 combined response coquitlam map grid 98
DISP-2026-FFF9F2.wav,coquitlam squad 3 respond routine testing only 1300 pinetree way near david avenue and pinewood avenue map grid 86
